{
    "ret": 0.3472929688794424,
    "mtx": [
        [
            678.6854423425548,
            0.0,
            308.19726455256
        ],
        [
            0.0,
            677.2339938733875,
            249.04629871629623
        ],
        [
            0.0,
            0.0,
            1.0
        ]
    ],
    "dist": [
        [
            0.047602801589007884,
            -0.20985890948910482,
            -0.000872016397692402,
            -0.00680869679311831,
            0.1751499579677845
        ]
    ],
    "rvecs": [
        [
            [
                -0.020963754215903435
            ],
            [
                -0.04268665503472566
            ],
            [
                1.5098684668378524
            ]
        ],
        [
            [
                0.031871528395123264
            ],
            [
                0.05768145537662805
            ],
            [
                0.07107929575663341
            ]
        ],
        [
            [
                0.18039400638111397
            ],
            [
                0.25455459609087094
            ],
            [
                1.3147981584576323
            ]
        ],
        [
            [
                -0.00298317014303753
            ],
            [
                0.12163538475376165
            ],
            [
                1.567413752765097
            ]
        ],
        [
            [
                0.0014656630525954502
            ],
            [
                -0.07622671564424188
            ],
            [
                0.35132173261226185
            ]
        ],
        [
            [
                -0.003556994227767798
            ],
            [
                -0.0853813681222031
            ],
            [
                0.705714298205008
            ]
        ],
        [
            [
                -0.005736070572992447
            ],
            [
                -0.06725488232743845
            ],
            [
                -0.04891627544160423
            ]
        ],
        [
            [
                -0.10137164175545468
            ],
            [
                0.2196519282999737
            ],
            [
                1.4621665384744527
            ]
        ],
        [
            [
                -0.06552757425795548
            ],
            [
                0.19999775152388916
            ],
            [
                0.012215413357250201
            ]
        ],
        [
            [
                -0.003129301449493559
            ],
            [
                0.35417623569963524
            ],
            [
                0.06087303468765261
            ]
        ],
        [
            [
                0.03088107414052675
            ],
            [
                0.20376487662880113
            ],
            [
                0.033646808902454785
            ]
        ],
        [
            [
                -0.6348961479375619
            ],
            [
                0.02700161203988688
            ],
            [
                -0.07805014533901579
            ]
        ]
    ],
    "tvecs": [
        [
            [
                3.5461259849281115
            ],
            [
                -3.3953663004674013
            ],
            [
                13.214688868797904
            ]
        ],
        [
            [
                -1.0243547170373422
            ],
            [
                -3.1345529547600144
            ],
            [
                18.16533553443651
            ]
        ],
        [
            [
                3.172726322075078
            ],
            [
                -3.300181787028838
            ],
            [
                17.746965720599476
            ]
        ],
        [
            [
                5.980071944540139
            ],
            [
                -1.6242304601657502
            ],
            [
                18.91361685586699
            ]
        ],
        [
            [
                0.03790567307410018
            ],
            [
                -3.6235023012211904
            ],
            [
                17.035070255681
            ]
        ],
        [
            [
                1.3005217819042587
            ],
            [
                -4.300399349693828
            ],
            [
                16.689416153650306
            ]
        ],
        [
            [
                3.724293149763079
            ],
            [
                -6.3041473664465775
            ],
            [
                22.69688940951882
            ]
        ],
        [
            [
                8.674964642708636
            ],
            [
                -0.7101916021299914
            ],
            [
                25.512957188159497
            ]
        ],
        [
            [
                -8.721859911669208
            ],
            [
                -0.2219212931168576
            ],
            [
                26.70661097416893
            ]
        ],
        [
            [
                -10.47979797549211
            ],
            [
                -8.183520390393697
            ],
            [
                27.546992141891817
            ]
        ],
        [
            [
                -8.69256436648879
            ],
            [
                -2.8096451174109056
            ],
            [
                25.735398382932896
            ]
        ],
        [
            [
                -0.3742650458066649
            ],
            [
                -2.0684242116397695
            ],
            [
                27.9174024026338
            ]
        ]
    ]
}