{
    "ret": 0.44736081635729263,
    "mtx": [
        [
            835.7446702244528,
            0.0,
            315.8364818099466
        ],
        [
            0.0,
            844.5453915604035,
            202.41556344404555
        ],
        [
            0.0,
            0.0,
            1.0
        ]
    ],
    "dist": [
        [
            0.07640110483220997,
            1.5824421864450697,
            -0.03716263326899294,
            0.0001799717450767351,
            -5.907060781676548
        ]
    ],
    "rvecs": [
        [
            [
                -0.2796432717291085
            ],
            [
                0.10073491074003688
            ],
            [
                -0.003919650756010802
            ]
        ],
        [
            [
                -0.25380561376592703
            ],
            [
                0.10033294871218944
            ],
            [
                -0.06036765711827202
            ]
        ],
        [
            [
                -0.07866131315793617
            ],
            [
                0.448420146857718
            ],
            [
                1.3436036037125354
            ]
        ],
        [
            [
                -0.04254344449799261
            ],
            [
                0.4076795884751739
            ],
            [
                1.4049955217345962
            ]
        ],
        [
            [
                0.009757165476137537
            ],
            [
                0.27530752572421885
            ],
            [
                1.4444434841159373
            ]
        ],
        [
            [
                -0.17451018797276463
            ],
            [
                0.18193654947662724
            ],
            [
                1.5166104060600487
            ]
        ],
        [
            [
                -0.20048673536705527
            ],
            [
                0.17309618182105274
            ],
            [
                1.5063277144711709
            ]
        ],
        [
            [
                -0.2970188850927376
            ],
            [
                0.20706685228080013
            ],
            [
                1.5172827485286404
            ]
        ],
        [
            [
                -0.30224894294075305
            ],
            [
                0.2603816288416545
            ],
            [
                1.452437368228504
            ]
        ],
        [
            [
                -0.21819794994121833
            ],
            [
                0.32801636351633834
            ],
            [
                1.5411200452979075
            ]
        ],
        [
            [
                -0.19263577592311948
            ],
            [
                0.2696778747048265
            ],
            [
                1.4834239261995723
            ]
        ],
        [
            [
                -0.2272401330465151
            ],
            [
                0.20031687967895573
            ],
            [
                1.4525632086233466
            ]
        ],
        [
            [
                -0.36536710514712517
            ],
            [
                0.06773742849527226
            ],
            [
                -1.5640168049517063
            ]
        ],
        [
            [
                -0.17887875216979604
            ],
            [
                0.270795200759948
            ],
            [
                1.4541204007478095
            ]
        ],
        [
            [
                -0.12304957997024035
            ],
            [
                0.3397010152972061
            ],
            [
                1.4505842502191537
            ]
        ],
        [
            [
                -0.02345056960938351
            ],
            [
                0.386237919259138
            ],
            [
                1.451305609985845
            ]
        ],
        [
            [
                -0.5589732170875866
            ],
            [
                0.3543210485233346
            ],
            [
                0.16742140178522366
            ]
        ],
        [
            [
                0.04195705276878489
            ],
            [
                0.5651220658242562
            ],
            [
                1.585048702095136
            ]
        ],
        [
            [
                -0.2789132144745227
            ],
            [
                -0.15372348617146278
            ],
            [
                0.21974264310528965
            ]
        ],
        [
            [
                -0.8304123119980815
            ],
            [
                -0.09513471788608382
            ],
            [
                -0.04613093518671891
            ]
        ],
        [
            [
                -0.15983674589290053
            ],
            [
                -0.10009839502846062
            ],
            [
                -0.012143137610096987
            ]
        ],
        [
            [
                -0.18746645636955575
            ],
            [
                -0.09815537830292169
            ],
            [
                -1.5987598145307604
            ]
        ],
        [
            [
                -0.22037063411731964
            ],
            [
                -0.18439327361384736
            ],
            [
                0.008033927248516119
            ]
        ],
        [
            [
                -0.22713950370235567
            ],
            [
                -0.125563427448672
            ],
            [
                0.002020465633112512
            ]
        ],
        [
            [
                -0.31021556401838274
            ],
            [
                0.06982111369662714
            ],
            [
                0.04394179629033818
            ]
        ],
        [
            [
                -0.33943914420542826
            ],
            [
                0.13368051281792478
            ],
            [
                0.011006633927349515
            ]
        ],
        [
            [
                -0.08866953130389245
            ],
            [
                0.44920235440846007
            ],
            [
                1.5450037049103529
            ]
        ],
        [
            [
                -0.0555280385878749
            ],
            [
                0.43614126284865445
            ],
            [
                1.5155504076702624
            ]
        ],
        [
            [
                -0.025009542130792175
            ],
            [
                0.42605205291505777
            ],
            [
                1.5149625989533688
            ]
        ],
        [
            [
                -0.17690295185020188
            ],
            [
                0.34257987052637134
            ],
            [
                1.0436949730357512
            ]
        ]
    ],